iter	RMSE
0	180920.0336
1	176714.1474
2	172646.0231
3	168747.74
4	164912.5684
5	161327.8255
6	157747.2063
7	154405.6442
8	151049.7904
9	147854.1566
10	144758.0455111	141865.7531112	139013.6941313	136221.6031414	133530.9151515	130975.2211616	128485.574117	126082.4151818	123722.9901919	121550.3782020	119414.5672121	117264.9712222	115276.0902323	113309.9744
9
