iter	RMSE
0	66567.22646
1	66218.79454
2	65241.73846
